,spark.memory.storageFraction,spark.executor.cores,spark.executor.memory,spark.executor.instances,spark.memory.fraction,spark.shuffle.file.buffer,spark.reducer.maxBlocksInFlightPerAddress,spark.default.parallelism,spark.reducer.maxSizeInFlight,spark.executor.memoryOverhead,runtime
0,0.53,4,3,8,0.63,37,1639685584,395,65,608,2707.298950000001
1,0.8,1,7,6,0.73,48,1732313122,488,61,622,2799.0558400000014
2,0.5299999713897705,4.0,3.0,8.0,0.6299999952316284,37.0,1634601472.0,397.0,65.0,608.0,2707.298950000001
3,0.5199999809265137,4.0,3.0,8.0,0.6399999856948853,36.0,1640800256.0,392.0,65.0,609.0,2708.3707000000013
4,0.550000011920929,4.0,3.0,8.0,0.6299999952316284,36.0,1642329344.0,403.0,65.0,610.0,2714.115250000001
5,0.5600000023841858,4.0,3.0,8.0,0.6499999761581421,36.0,1651227136.0,404.0,63.0,608.0,2715.219710000002
6,0.77,1.0,5.0,5.0,0.8,41.0,1830981177.0,335.0,59.0,453.0,2801.776040000001
7,0.56,2.0,3.0,7.0,0.53,21.0,1130571770.0,311.0,68.0,495.0,2802.207590000001
