{"target": -1867.14, "params": {"spark.broadcast.blockSize": 58.90992586240593, "spark.broadcast.checksum": 0.11887820863743577, "spark.broadcast.compress": 0.22166621351234853, "spark.default.parallelism": 380.1794436882593, "spark.executor.cores": 3.3862596475530005, "spark.executor.instances": 5.712908017283245, "spark.executor.memory": 6.317135374446897, "spark.executor.memoryOverhead": 628.2289836997905, "spark.kryoserializer.buffer": 98.38074087537716, "spark.kryoserializer.buffer.max": 123.18563126865534, "spark.locality.wait": 5.213168356789575, "spark.maxRemoteBlockSizeFetchToMem": 1355836463.3051245, "spark.memory.fraction": 0.6983413860602714, "spark.memory.offHeap.enabled": 0.9005247251691033, "spark.memory.offHeap.size": 420.46177543004904, "spark.memory.storageFraction": 0.5467218110081822, "spark.rdd.compress": 0.8930784138926551, "spark.reducer.maxBlocksInFlightPerAddress": 1917771558.9188337, "spark.reducer.maxReqsInFlight": 1340682616.6381373, "spark.reducer.maxSizeInFlight": 45.02398495268772, "spark.scheduler.mode": 0.7794927833701857, "spark.scheduler.revive.interval": 581.5941549297361, "spark.shuffle.compress": 0.08313767822232077, "spark.shuffle.file.buffer": 47.01432961598162, "spark.shuffle.io.numConnectionsPerPeer": 3.744880520847171, "spark.shuffle.sort.bypassMergeThreshold": 315.06366537693407, "spark.storage.memoryMapThreshold": 2.476547402179659}, "datetime": {"datetime": "2022-03-09 09:39:35", "elapsed": 0.0, "delta": 0.0}}
{"target": -2927.481, "params": {"spark.broadcast.blockSize": 41.76422909271933, "spark.broadcast.checksum": 0.7364146799333617, "spark.broadcast.compress": 0.7435165394017874, "spark.default.parallelism": 260.0543360063955, "spark.executor.cores": 1.288397330772145, "spark.executor.instances": 7.826450681638653, "spark.executor.memory": 3.2821059066342086, "spark.executor.memoryOverhead": 738.384676655184, "spark.kryoserializer.buffer": 54.19398998412345, "spark.kryoserializer.buffer.max": 36.68116471708983, "spark.locality.wait": 8.523107752897062, "spark.maxRemoteBlockSizeFetchToMem": 1582603944.8554966, "spark.memory.fraction": 0.5609521654999821, "spark.memory.offHeap.enabled": 0.37102973371828835, "spark.memory.offHeap.size": 760.4246177971204, "spark.memory.storageFraction": 0.8489301245240974, "spark.rdd.compress": 0.6292588348533277, "spark.reducer.maxBlocksInFlightPerAddress": 1187933383.653465, "spark.reducer.maxReqsInFlight": 1506718872.4385061, "spark.reducer.maxSizeInFlight": 63.59218328636025, "spark.scheduler.mode": 0.5263923672652351, "spark.scheduler.revive.interval": 853.5101636787417, "spark.shuffle.compress": 0.7572864400475552, "spark.shuffle.file.buffer": 31.005683559783456, "spark.shuffle.io.numConnectionsPerPeer": 3.566640219407886, "spark.shuffle.sort.bypassMergeThreshold": 237.42286241314457, "spark.storage.memoryMapThreshold": 1.9258049662096304}, "datetime": {"datetime": "2022-03-09 10:28:30", "elapsed": 2935.438251, "delta": 2935.438251}}
{"target": -3136.725, "params": {"spark.broadcast.blockSize": 52.995148995418674, "spark.broadcast.checksum": 0.35499094458920977, "spark.broadcast.compress": 0.6343759581640984, "spark.default.parallelism": 420.37498999836043, "spark.executor.cores": 2.7044700322085578, "spark.executor.instances": 4.0899958089686095, "spark.executor.memory": 5.331553929801173, "spark.executor.memoryOverhead": 429.68651443135127, "spark.kryoserializer.buffer": 81.03168425926486, "spark.kryoserializer.buffer.max": 66.10350601229399, "spark.locality.wait": 7.241505406053456, "spark.maxRemoteBlockSizeFetchToMem": 1938359640.4525833, "spark.memory.fraction": 0.8017882382452646, "spark.memory.offHeap.enabled": 0.0612735283230762, "spark.memory.offHeap.size": 335.2587995458091, "spark.memory.storageFraction": 0.7154381769347442, "spark.rdd.compress": 0.23714961159831466, "spark.reducer.maxBlocksInFlightPerAddress": 1585107098.8243244, "spark.reducer.maxReqsInFlight": 1826667686.774109, "spark.reducer.maxSizeInFlight": 38.30335085403992, "spark.scheduler.mode": 0.14796493786117454, "spark.scheduler.revive.interval": 813.3950227007776, "spark.shuffle.compress": 0.5299947875931736, "spark.shuffle.file.buffer": 16.191737856716504, "spark.shuffle.io.numConnectionsPerPeer": 1.3586876860809607, "spark.shuffle.sort.bypassMergeThreshold": 209.31775177353597, "spark.storage.memoryMapThreshold": 3.0902639576117754}, "datetime": {"datetime": "2022-03-09 11:20:55", "elapsed": 6080.147153, "delta": 3144.708902}}
{"target": -1862.61, "params": {"spark.broadcast.blockSize": 50.0, "spark.broadcast.checksum": 0.0, "spark.broadcast.compress": 0.0, "spark.default.parallelism": 377.0, "spark.executor.cores": 3.0, "spark.executor.instances": 6.0, "spark.executor.memory": 6.0, "spark.executor.memoryOverhead": 625.0, "spark.kryoserializer.buffer": 79.0, "spark.kryoserializer.buffer.max": 92.0, "spark.locality.wait": 6.0, "spark.maxRemoteBlockSizeFetchToMem": 1509885952.0, "spark.memory.fraction": 0.6899999976158142, "spark.memory.offHeap.enabled": 1.0, "spark.memory.offHeap.size": 503.0, "spark.memory.storageFraction": 0.6299999952316284, "spark.rdd.compress": 1.0, "spark.reducer.maxBlocksInFlightPerAddress": 1697935104.0, "spark.reducer.maxReqsInFlight": 1456043648.0, "spark.reducer.maxSizeInFlight": 46.0, "spark.scheduler.mode": 1.0, "spark.scheduler.revive.interval": 686.0, "spark.shuffle.compress": 0.0, "spark.shuffle.file.buffer": 37.0, "spark.shuffle.io.numConnectionsPerPeer": 3.0, "spark.shuffle.sort.bypassMergeThreshold": 282.0, "spark.storage.memoryMapThreshold": 2.0}, "datetime": {"datetime": "2022-03-09 11:52:08", "elapsed": 7953.420975, "delta": 1873.273822}}
{"target": -1832.834, "params": {"spark.broadcast.blockSize": 51.0, "spark.broadcast.checksum": 0.0, "spark.broadcast.compress": 0.0, "spark.default.parallelism": 384.0, "spark.executor.cores": 3.0, "spark.executor.instances": 6.0, "spark.executor.memory": 5.0, "spark.executor.memoryOverhead": 635.0, "spark.kryoserializer.buffer": 83.0, "spark.kryoserializer.buffer.max": 92.0, "spark.locality.wait": 6.0, "spark.maxRemoteBlockSizeFetchToMem": 1417478272.0, "spark.memory.fraction": 0.699999988079071, "spark.memory.offHeap.enabled": 1.0, "spark.memory.offHeap.size": 476.0, "spark.memory.storageFraction": 0.6299999952316284, "spark.rdd.compress": 1.0, "spark.reducer.maxBlocksInFlightPerAddress": 1757207040.0, "spark.reducer.maxReqsInFlight": 1473812224.0, "spark.reducer.maxSizeInFlight": 44.0, "spark.scheduler.mode": 1.0, "spark.scheduler.revive.interval": 703.0, "spark.shuffle.compress": 0.0, "spark.shuffle.file.buffer": 39.0, "spark.shuffle.io.numConnectionsPerPeer": 4.0, "spark.shuffle.sort.bypassMergeThreshold": 292.0, "spark.storage.memoryMapThreshold": 2.0}, "datetime": {"datetime": "2022-03-09 12:22:49", "elapsed": 9794.381364, "delta": 1840.960389}}
{"target": -1856.504, "params": {"spark.broadcast.blockSize": 51.0, "spark.broadcast.checksum": 0.0, "spark.broadcast.compress": 0.0, "spark.default.parallelism": 369.0, "spark.executor.cores": 3.0, "spark.executor.instances": 6.0, "spark.executor.memory": 5.0, "spark.executor.memoryOverhead": 615.0, "spark.kryoserializer.buffer": 83.0, "spark.kryoserializer.buffer.max": 92.0, "spark.locality.wait": 6.0, "spark.maxRemoteBlockSizeFetchToMem": 1510964096.0, "spark.memory.fraction": 0.6800000071525574, "spark.memory.offHeap.enabled": 1.0, "spark.memory.offHeap.size": 452.0, "spark.memory.storageFraction": 0.6299999952316284, "spark.rdd.compress": 1.0, "spark.reducer.maxBlocksInFlightPerAddress": 1767800448.0, "spark.reducer.maxReqsInFlight": 1462272000.0, "spark.reducer.maxSizeInFlight": 44.0, "spark.scheduler.mode": 1.0, "spark.scheduler.revive.interval": 676.0, "spark.shuffle.compress": 0.0, "spark.shuffle.file.buffer": 39.0, "spark.shuffle.io.numConnectionsPerPeer": 3.0, "spark.shuffle.sort.bypassMergeThreshold": 288.0, "spark.storage.memoryMapThreshold": 2.0}, "datetime": {"datetime": "2022-03-09 12:53:54", "elapsed": 11659.180864,