spark.executor.memory,spark.executor.instances,runtime
6.0,6.0,209.6479
6.0,6.0,209.6479
6.0,6.0,209.6479
6.0,6.0,209.6479
6.0,6.0,209.6479
6.0,6.0,209.6479
6.0,7.0,211.21841
6.0,6.0,209.6479
6.0,7.0,211.21841
6.0,6.0,209.6479
