{"target": -230.408, "params": {"spark.broadcast.blockSize": 49.67756323918043, "spark.broadcast.checksum": 0.8173407566219683, "spark.broadcast.compress": 0.6803176477637866, "spark.default.parallelism": 426.7545553556656, "spark.executor.cores": 1.6161667190753204, "spark.executor.instances": 7.970586313286217, "spark.executor.memory": 5.082704582104244, "spark.executor.memoryOverhead": 462.8195428029061, "spark.kryoserializer.buffer": 84.80307541332127, "spark.kryoserializer.buffer.max": 120.06931570705417, "spark.locality.wait": 7.678282567028891, "spark.maxRemoteBlockSizeFetchToMem": 1553580115.2287657, "spark.memory.fraction": 0.5525236350953344, "spark.memory.offHeap.enabled": 0.48220456822729996, "spark.memory.offHeap.size": 951.7783677107816, "spark.memory.storageFraction": 0.8808495293256553, "spark.rdd.compress": 0.5453794895119584, "spark.reducer.maxBlocksInFlightPerAddress": 2003618285.9845734, "spark.reducer.maxReqsInFlight": 1669976282.8313677, "spark.reducer.maxSizeInFlight": 47.78977712003763, "spark.scheduler.mode": 0.5886550649442599, "spark.scheduler.revive.interval": 661.4551658819892, "spark.shuffle.compress": 0.6643977660536085, "spark.shuffle.file.buffer": 39.605041276360495, "spark.shuffle.io.numConnectionsPerPeer": 1.587349423198269, "spark.shuffle.sort.bypassMergeThreshold": 159.39689492082826, "spark.storage.memoryFraction": 0.5275085867582976, "spark.storage.memoryMapThreshold": 3.089905133570316}, "datetime": {"datetime": "2022-01-28 17:06:49", "elapsed": 0.0, "delta": 0.0}}
{"target": -338.377, "params": {"spark.broadcast.blockSize": 45.735564109780995, "spark.broadcast.checksum": 0.625560420455364, "spark.broadcast.compress": 0.0038541280909633047, "spark.default.parallelism": 325.04425880993165, "spark.executor.cores": 1.4589920396087832, "spark.executor.instances": 6.60538880019281, "spark.executor.memory": 6.603663301845121, "spark.executor.memoryOverhead": 631.619117821824, "spark.kryoserializer.buffer": 99.657125117037, "spark.kryoserializer.buffer.max": 72.63597226232935, "spark.locality.wait": 5.475321190673228, "spark.maxRemoteBlockSizeFetchToMem": 1836731053.3466372, "spark.memory.fraction": 0.7477599145210484, "spark.memory.offHeap.enabled": 0.6472824866566149, "spark.memory.offHeap.size": 682.2847915686964, "spark.memory.storageFraction": 0.6559170546024309, "spark.rdd.compress": 0.23709593541106921, "spark.reducer.maxBlocksInFlightPerAddress": 1257535049.8510942, "spark.reducer.maxReqsInFlight": 1319966449.5596504, "spark.reducer.maxSizeInFlight": 48.80467828413593, "spark.scheduler.mode": 0.7580769451164282, "spark.scheduler.revive.interval": 874.590396566624, "spark.shuffle.compress": 0.7851286808352906, "spark.shuffle.file.buffer": 21.67969976176246, "spark.shuffle.io.numConnectionsPerPeer": 4.691146413032563, "spark.shuffle.sort.bypassMergeThreshold": 212.3818466817036, "spark.storage.memoryFraction": 0.608287921604885, "spark.storage.memoryMapThreshold": 3.8837164382771165}, "datetime": {"datetime": "2022-01-28 17:12:36", "elapsed": 346.894455, "delta": 346.894455}}
{"target": -256.469, "params": {"spark.broadcast.blockSize": 38.68935910775789, "spark.broadcast.checksum": 0.9815255059888612, "spark.broadcast.compress": 0.6212024986266045, "spark.default.parallelism": 477.62409144478386, "spark.executor.cores": 3.2242807864402927, "spark.executor.instances": 4.037666881957795, "spark.executor.memory": 4.640780802865553, "spark.executor.memoryOverhead": 817.0435419146716, "spark.kryoserializer.buffer": 71.45643504508602, "spark.kryoserializer.buffer.max": 110.78210763254157, "spark.locality.wait": 8.680952458875439, "spark.maxRemoteBlockSizeFetchToMem": 1969211755.1563146, "spark.memory.fraction": 0.6461566032741908, "spark.memory.offHeap.enabled": 0.11988115940276728, "spark.memory.offHeap.size": 839.0120307059124, "spark.memory.storageFraction": 0.5487141717062645, "spark.rdd.compress": 0.9430722517855916, "spark.reducer.maxBlocksInFlightPerAddress": 1107468039.7981625, "spark.reducer.maxReqsInFlight": 1214718646.7035544, "spark.reducer.maxSizeInFlight": 24.869854241826378, "spark.scheduler.mode": 0.9548476905212895, "spark.scheduler.revive.interval": 828.6123278461791, "spark.shuffle.compress": 0.045911172869977146, "spark.shuffle.file.buffer": 35.845067467499504, "spark.shuffle.io.numConnectionsPerPeer": 2.302495151040165, "spark.shuffle.sort.bypassMergeThreshold": 261.2239510221044, "spark.storage.memoryFraction": 0.6379153041539783, "spark.storage.memoryMapThreshold": 2.5602570660353443}, "datetime": {"datetime": "2022-01-28 17:17:01", "elapsed": 611.84656, "delta": 264.952105}}
{"target": -199.523, "params": {"spark.broadcast.blockSize": 34.78111545450919, "spark.broadcast.checksum": 0.03292076105665266, "spark.broadcast.compress": 0.9657329974728885, "spark.default.parallelism": 353.5469047324641, "spark.executor.cores": 2.7899485428767106, "spark.executor.instances": 5.110584741681096, "spark.executor.memory": 3.279567418536906, "spark.executor.memoryOverhead": 468.93151322773286, "spark.kryoserializer.buffer": 62.30368427850718, "spark.kryoserializer.buffer.max": 83.09361493197957, "spark.locality.wait": 4.725662792837859, "spark.maxRemoteBlockSizeFetchToMem": 1393958886.2158248, "spark.memory.fraction": 0.6048140229288217, "spark.memory.offHeap.enabled": 0.8588140685833103, "spark.memory.offHeap.size": 596.9117965709584, "spark.memory.storageFraction": 0.7010062783353628, "spark.rdd.compress": 0.45388453822541686, "spark.reducer.maxBlocksInFlightPerAddress": 1676330632.1758292, "spark.reducer.maxReqsInFlight": 1819298240.2314267, "spark.reducer.maxSizeInFlight": 63.89427627650064, "spark.scheduler.mode": 0.20422808577492174, "spark.scheduler.revive.interval": 575.2009358348647, "spark.shuffle.compress": 0.23633209125231058, "spark.shuffle.file.buffer": 43.547222462571696, "spark.shuffle.io.numConnectionsPerPeer": 3.103953081047078, "spark.shuffle.sort.bypassMergeThreshold": 223.5726880633207, "spark.storage.memoryFraction": 0.8771003772955961, "spark.storage.memoryMapThreshold": 1.0316510257578655}, "datetime": {"datetime": "2022-01-28 17:20:29", "elapsed": 820.144803, "delta": 208.298243}}
{"target": -184.837, "params": {"spark.broadcast.blockSize": 62.508752527850234, "spark.broadcast.checksum": 0.2726410164993336, "spark.broadcast.compress": 0.3913247578089439, "spark.default.parallelism": 251.26699677401734, "spark.executor.cores": 3.8274256603668597, "spark.executor.instances": 7.095954599358457, "spark.executor.memory": 5.7708065685736045, "spark.executor.memoryOverhead": 786.603119017286, "spark.kryoserializer.buffer": 38.567535109573456, "spark.kryoserializer.buffer.max": 39.36523647287814, "spark.locality.wait": 6.6221184694308635, "spark.maxRemoteBlockSizeFetchToMem": 1129483480.838509, "spark.memory.fraction": 0.7952598203657805, "spark.memory.offHeap.enabled": 0.7064999953367602, "spark.memory.offHeap.size": 914.4767476050115, "spark.memory.storageFraction": 0.8061805602355108, "spark.rdd.compress": 0.7023167631090874, "spark.reducer.maxBlocksInFlightPerAddress": 1571428389.4616177, "spark.reducer.maxReqsInFlight": 2062886626.076492, "spark.reducer.maxSizeInFlight": 66.05153037148459, "spark.scheduler.mode": 0.003451498676733389, "spark.scheduler.revive.interval": 685.8942465272189, "spark.shuffle.compress": 0.9081642207102266, "spark.shuffle.file.buffer": 29.290588676638027, "spark.shuffle.io.numConnectionsPerPeer": 3.864391673449433, "spark.shuffle.sort.bypassMergeThreshold": 323.92957066311203, "spark.storage.memoryFraction": 0.7355788442596891, "spark.storage.memoryMapThreshold": 1.6137539712293196}, "datetime": {"datetime": "2022-01-28 17:23:43", "elapsed": 1013.564852, "delta": 193.420049}}
{"target": -263.468, "params": {"spark.broadcast.blockSize": 57.44206423642389, "spark.broadcast.checksum": 0.4328600223257979, "spark.broadcast.compress": 0.2266695970417813, "spark.default.parallelism": 238.32911844499603, "spark.executor.cores": 2.329583220536138,