,spark.memory.storageFraction,spark.executor.cores,spark.executor.memory,spark.executor.instances,spark.memory.fraction,spark.shuffle.file.buffer,spark.reducer.maxBlocksInFlightPerAddress,spark.default.parallelism,spark.reducer.maxSizeInFlight,spark.executor.memoryOverhead,runtime
0,0.72,4,3,8,0.6,44,1542044609,379,33,643,2714.2584100000013
1,0.79,2,7,4,0.58,26,1600711726,266,62,707,2799.364570000001
2,0.7200000286102295,4.0,3.0,8.0,0.6000000238418579,44.0,1545532928.0,382.0,33.0,645.0,2714.2584100000013
3,0.7200000286102295,4.0,3.0,8.0,0.6000000238418579,42.0,1530747392.0,382.0,34.0,641.0,2714.1743100000003
4,0.7200000286102295,4.0,3.0,8.0,0.6000000238418579,42.0,1521721344.0,382.0,34.0,633.0,2716.2096800000004
5,0.7200000286102295,4.0,3.0,8.0,0.5799999833106995,43.0,1538104960.0,388.0,34.0,636.0,2715.101560000001
6,0.66,2.0,4.0,6.0,0.81,22.0,1104758452.0,270.0,29.0,722.0,2800.69275
7,0.73,4.0,3.0,8.0,0.89,26.0,1929259591.0,207.0,61.0,870.0,2714.921180000001
