{"target": -2798.5987400000017, "params": {"spark.default.parallelism": 212.37982528785764, "spark.executor.cores": 1.475857346334682, "spark.executor.instances": 5.042559424824497, "spark.executor.memory": 6.807672703616902, "spark.executor.memoryOverhead": 481.85712918322304, "spark.memory.fraction": 0.6247382570730615, "spark.memory.storageFraction": 0.5905154316309323, "spark.reducer.maxBlocksInFlightPerAddress": 1660988338.5597181, "spark.reducer.maxSizeInFlight": 25.096716585219795, "spark.shuffle.file.buffer": 22.12402017304435}, "datetime": {"datetime": "2022-02-26 21:10:25", "elapsed": 0.0, "delta": 0.0}}
