{"target": -2797.6751300000014, "params": {"spark.default.parallelism": 322.54597277772115, "spark.executor.cores": 1.1540244284134829, "spark.executor.instances": 5.11967336877367, "spark.executor.memory": 6.3708311152789285, "spark.executor.memoryOverhead": 512.7288359444057, "spark.memory.fraction": 0.694996776619373, "spark.memory.storageFraction": 0.5542083582148164, "spark.reducer.maxBlocksInFlightPerAddress": 1674620816.9135766, "spark.reducer.maxSizeInFlight": 58.061046388431635, "spark.shuffle.file.buffer": 27.364896680385428}, "datetime": {"datetime": "2022-02-26 22:03:27", "elapsed": 0.0, "delta": 0.0}}
