{"target": -2797.4886300000016, "params": {"spark.default.parallelism": 343.51657010647614, "spark.executor.cores": 2.5240724154707896, "spark.executor.instances": 4.160744747613893, "spark.executor.memory": 4.43805872654942, "spark.executor.memoryOverhead": 668.8659464892598, "spark.memory.fraction": 0.5152483073812806, "spark.memory.storageFraction": 0.5495707825154104, "spark.reducer.maxBlocksInFlightPerAddress": 1656867525.6344352, "spark.reducer.maxSizeInFlight": 41.45011774859701, "spark.shuffle.file.buffer": 30.817656340820655}, "datetime": {"datetime": "2022-02-26 21:27:40", "elapsed": 0.0, "delta": 0.0}}
