{"target": -2727.171879999999, "params": {"spark.default.parallelism": 381.42855216916456, "spark.executor.cores": 3.9304548500431515, "spark.executor.instances": 4.9604499616353745, "spark.executor.memory": 4.791202048583378, "spark.executor.memoryOverhead": 400.6767512299273, "spark.memory.fraction": 0.8432048215094199, "spark.memory.storageFraction": 0.649525607651914, "spark.reducer.maxBlocksInFlightPerAddress": 1126328246.539941, "spark.reducer.maxSizeInFlight": 48.98764828827879, "spark.shuffle.file.buffer": 39.06398413350709}, "datetime": {"datetime": "2022-02-26 21:36:46", "elapsed": 0.0, "delta": 0.0}}
