{"target": -2709.7811600000005, "params": {"spark.default.parallelism": 361.54035058230477, "spark.executor.cores": 3.778362999038511, "spark.executor.instances": 5.328251309498845, "spark.executor.memory": 3.723478076668273, "spark.executor.memoryOverhead": 565.3122843846693, "spark.memory.fraction": 0.7954763415606096, "spark.memory.storageFraction": 0.8373293776597748, "spark.reducer.maxBlocksInFlightPerAddress": 1631679524.5252955, "spark.reducer.maxSizeInFlight": 52.81869547409472, "spark.shuffle.file.buffer": 28.604825151740155}, "datetime": {"datetime": "2022-02-26 21:29:44", "elapsed": 0.0, "delta": 0.0}}
