{"target": -2712.62756, "params": {"spark.default.parallelism": 368.50348590418264, "spark.executor.cores": 3.873931075326446, "spark.executor.instances": 4.183786775353115, "spark.executor.memory": 5.499705801161355, "spark.executor.memoryOverhead": 737.3218751173347, "spark.memory.fraction": 0.537993670795834, "spark.memory.storageFraction": 0.8726378308882685, "spark.reducer.maxBlocksInFlightPerAddress": 1443440496.7498324, "spark.reducer.maxSizeInFlight": 53.69773226860857, "spark.shuffle.file.buffer": 25.623494535416896}, "datetime": {"datetime": "2022-02-26 21:48:42", "elapsed": 0.0, "delta": 0.0}}
