{"target": -2800.024890000002, "params": {"spark.default.parallelism": 325.1066014107722, "spark.executor.cores": 3.1609734803264744, "spark.executor.instances": 4.0004574992693795, "spark.executor.memory": 4.209330290527359, "spark.executor.memoryOverhead": 456.3506541728367, "spark.memory.fraction": 0.5369354379075191, "spark.memory.storageFraction": 0.5745040845510684, "spark.reducer.maxBlocksInFlightPerAddress": 1444784828.3579683, "spark.reducer.maxSizeInFlight": 43.04483876307216, "spark.shuffle.file.buffer": 33.24213548810742}, "datetime": {"datetime": "2022-02-25 11:23:35", "elapsed": 0.0, "delta": 0.0}}
