{"target": -2807.406550000001, "params": {"spark.default.parallelism": 245.52869628375612, "spark.executor.cores": 2.4198438862131892, "spark.executor.instances": 7.8643166174708306, "spark.executor.memory": 6.894819641957881, "spark.executor.memoryOverhead": 512.6943918817982, "spark.memory.fraction": 0.6410915550641536, "spark.memory.storageFraction": 0.8842547318762678, "spark.reducer.maxBlocksInFlightPerAddress": 1996226567.243174, "spark.reducer.maxSizeInFlight": 68.40632589609812, "spark.shuffle.file.buffer": 42.7164817418182}, "datetime": {"datetime": "2022-02-26 21:32:22", "elapsed": 0.0, "delta": 0.0}}
