{"target": -2796.413290000001, "params": {"spark.default.parallelism": 230.5188669346887, "spark.executor.cores": 2.81726371752094, "spark.executor.instances": 7.74586555251241, "spark.executor.memory": 6.406960197240191, "spark.executor.memoryOverhead": 667.5775394532602, "spark.memory.fraction": 0.7634827709794834, "spark.memory.storageFraction": 0.8871950869295182, "spark.reducer.maxBlocksInFlightPerAddress": 1333993522.7431111, "spark.reducer.maxSizeInFlight": 31.053989980492602, "spark.shuffle.file.buffer": 41.65719097857963}, "datetime": {"datetime": "2022-02-26 21:36:22", "elapsed": 0.0, "delta": 0.0}}
