{"target": -2797.11693, "params": {"spark.default.parallelism": 419.55379075477845, "spark.executor.cores": 3.3562083633511373, "spark.executor.instances": 4.052989955133009, "spark.executor.memory": 4.34651300390157, "spark.executor.memoryOverhead": 787.840638917921, "spark.memory.fraction": 0.636712628230069, "spark.memory.storageFraction": 0.5043643200625696, "spark.reducer.maxBlocksInFlightPerAddress": 1099374945.4019182, "spark.reducer.maxSizeInFlight": 42.388701838180495, "spark.shuffle.file.buffer": 30.890981043339558}, "datetime": {"datetime": "2022-02-26 21:26:08", "elapsed": 0.0, "delta": 0.0}}
