{"target": -2796.999390000001, "params": {"spark.default.parallelism": 447.7242914740963, "spark.executor.cores": 1.4044742743916465, "spark.executor.instances": 4.441179793694998, "spark.executor.memory": 3.6397923383706368, "spark.executor.memoryOverhead": 729.2387523862665, "spark.memory.fraction": 0.6508822920960211, "spark.memory.storageFraction": 0.6799856242698192, "spark.reducer.maxBlocksInFlightPerAddress": 1489024362.1015127, "spark.reducer.maxSizeInFlight": 47.27156413028036, "spark.shuffle.file.buffer": 47.87834206177798}, "datetime": {"datetime": "2022-02-26 21:39:03", "elapsed": 0.0, "delta": 0.0}}
