{"target": -134.861, "params": {"spark.broadcast.blockSize": 209.09398034658443, "spark.broadcast.checksum": 0.7203244934421581, "spark.broadcast.compress": 0.00011437481734488664, "spark.cleaner.periodicGC.interval": 34.18660581054718, "spark.cleaner.referenceTracking": 0.14675589081711304, "spark.cleaner.referenceTracking.blocking": 0.0923385947687978, "spark.cleaner.referenceTracking.blocking.shuffle": 0.1862602113776709, "spark.cleaner.referenceTracking.cleanCheckpoints": 0.34556072704304774, "spark.default.parallelism": 203.2095973214896, "spark.driver.maxResultSize": 269.8695502676751, "spark.driver.memoryOverhead": 1081.5396719670825, "spark.executor.cores": 7.166975503570836, "spark.executor.heartbeatInterval": 8.066783745972762, "spark.executor.instances": 12.537409236691346, "spark.executor.memory": 1.4108138979688924, "spark.files.fetchTimeout": 66.93272571248815, "spark.files.maxPartitionBytes": 131571411.3001084, "spark.files.openCostInBytes": 5612124.473313995, "spark.files.overwrite": 0.14038693859523377, "spark.files.useFetchCache": 0.1981014890848788, "spark.hadoop.mapreduce.fileoutputcommitter.algorithm.version": 1.8007445686755368, "spark.io.compression.lz4.blockSize": 247.93844023272698, "spark.io.compression.snappy.blockSize": 81.60974125244768, "spark.kryo.referenceTracking": 0.6923226156693141, "spark.kryoserializer.buffer": 112.42503318930083, "spark.kryoserializer.buffer.max": 115.35279962046168, "spark.locality.wait": 1.7653979023280013, "spark.maxRemoteBlockSizeFetchToMem": 83869680.52273901, "spark.memory.fraction": 0.5849152097822845, "spark.memory.offHeap.enabled": 0.8781425034294131, "spark.memory.offHeap.size": 107.36336549471959, "spark.memory.storageFraction": 0.7105538125025261, "spark.memory.useLegacyMode": 0.9578895301505019, "spark.port.maxRetries": 18.928627979244478, "spark.python.worker.memory": 731.3168433648127, "spark.python.worker.reuse": 0.31551563100606295, "spark.rdd.compress": 0.6865009276815837, "spark.reducer.maxBlocksInFlightPerAddress": 1792344983.419739, "spark.reducer.maxReqsInFlight": 39273786.34556972, "spark.reducer.maxSizeInFlight": 375.3220131575388, "spark.rpc.io.backLog": 126.9306645350235, "spark.rpc.lookupTimeout": 187.1147874197663, "spark.rpc.message.maxSize": 140.9415520401382, "spark.rpc.retry.wait": 4.946396642257443, "spark.scheduler.blacklist.unschedulableTaskSetTimeout": 51.67746138130482, "spark.scheduler.listenerbus.eventqueue.capacity": 10062.083471166294, "spark.scheduler.minRegisteredResourcesRatio": 0.8817191006186191, "spark.scheduler.mode": 0.2936141483736795, "spark.scheduler.revive.interval": 15.81321625214474, "spark.serializer.objectStreamReset": 82.50714302956942, "spark.shuffle.compress": 0.019366957870297075, "spark.shuffle.file.buffer": 339.7389309370056, "spark.shuffle.io.backLog": 33.39537392000709, "spark.shuffle.io.maxRetries": 4.12437327497781, "spark.shuffle.io.numConnectionsPerPeer": 2.966292637121353, "spark.shuffle.io.preferDirectBufs": 0.053362545117080384, "spark.shuffle.maxChunksBeingTransferred": 5.295300268361052e+18, "spark.shuffle.memoryFraction": 0.14672857490581015, "spark.shuffle.service.index.cache.size": 138.39583053549262, "spark.shuffle.sort.bypassMergeThreshold": 729.7825240188381, "spark.shuffle.spill.compress": 0.10233442882782584, "spark.speculation.interval": 419.9154279413726, "spark.speculation.multiplier": 4.472000788638725, "spark.speculation.quantile": 0.41417926952690265, "spark.stage.maxConsecutiveAttempts": 2.2997207536765227, "spark.storage.memoryFraction": 0.5358964059155116, "spark.storage.memoryMapThreshold": 348.70759034890494, "spark.storage.replication.proactive": 0.5148891120583086, "spark.storage.unrollFraction": 0.9445947559908133, "spark.streaming.backpressure.enabled": 0.5865550405019929, "spark.streaming.blockInterval": 456.53086187954756, "spark.streaming.receiver.writeAheadLog.enable": 0.13747470414623753, "spark.streaming.stopGracefullyOnShutdown": 0.13927634725075855, "spark.streaming.unpersist": 0.8073912887095238, "spark.task.maxFailures": 4.386061021913202, "spark.task.reaper.enabled": 0.16535419711693278, "spark.task.reaper.pollingInterval": 18.767645866732575, "spark.task.reaper.threadDump": 0.34776585974550656}, "datetime": {"datetime": "2022-02-10 19:42:39", "elapsed": 0.0, "delta": 0.0}}
{"target": -142.606, "params": {"spark.broadcast.blockSize": 375.6552394649416, "spark.broadcast.checksum": 0.7259979853504515, "spark.broadcast.compress": 0.8833060912058098, "spark.cleaner.periodicGC.interval": 59.893776564448714, "spark.cleaner.referenceTracking": 0.7509424340273372, "spark.cleaner.referenceTracking.blocking": 0.34889834197784253, "spark.cleaner.referenceTracking.blocking.shuffle": 0.2699278917650261, "spark.cleaner.referenceTracking.cleanCheckpoints": 0.8958862181960668, "spark.default.parallelism": 218.6208654166771, "spark.driver.maxResultSize": 482.45518352704437, "spark.driver.memoryOverhead": 1487.9666523698977, "spark.executor.cores": 6.595261481882096, "spark.executor.heartbeatInterval": 6.721189594300627, "spark.executor.instances": 13.393871104484855, "spark.executor.memory": 7.748682002199108, "spark.files.fetchTimeout": 60.487273007099226, "spark.files.maxPartitionBytes": 129418022.16465575, "spark.files.openCostInBytes": 3588396.817011878, "spark.files.overwrite": 0.9033795205622538, "spark.files.useFetchCache": 0.5736794866722859, "spark.hadoop.mapreduce.fileoutputcommitter.algorithm.version": 1.002870327031159, "spark.io.compression.lz4.blockSize": 158.75480805966387, "spark.io.compression.snappy.blockSize": 84.96780505011242, "spark.kryo.referenceTracking": 0.5270581022576093, "spark.kryoserializer.buffer": 113.62870451315759, "spark.kryoserializer.buffer.max": 50.87237120029997, "spark.locality.wait": 9.176816358278193, "spark.maxRemoteBlockSizeFetchToMem": 1338655411.0225203, "spark.memory.fraction": 0.5079106214232781, "spark.memory.offHeap.enabled": 0.9294372337437613, "spark.memory.offHeap.size": 693.9879483417548, "spark.memory.storageFraction": 0.9986614252257402, "spark.memory.useLegacyMode": 0.17234050834532855, "spark.port.maxRetries": 7.839800989608577, "spark.python.worker.memory": 941.2232437684066, "spark.python.worker.reuse": 0.6968181614899002, "spark.rdd.compress": 0.06600017272206249, "spark.reducer.maxBlocksInFlightPerAddress": 1622344553.8218668, "spark.reducer.maxReqsInFlight": 1618936789.0444548, "spark.reducer.maxSizeInFlight": 461.5892432376952, "spark.rpc.io.backLog": 100.30637682833328, "spark.rpc.lookupTimeout": 56.09690201415459, "spark.rpc.message.maxSize": 10.920186786057998, "spark.rpc.retry.wait": 1.1310549343885965, "spark.scheduler.blacklist.unschedulableTaskSetTimeout": 35.94436248436687, "spark.scheduler.listenerbus.eventqueue.capacity": 6431.799216854826, "spark.scheduler.minRegisteredResourcesRatio": 0.8720055897365776, "spark.scheduler.mode": 0.5388310643416528, "spark.scheduler.revive.interval": 28.53545497691676, "spark.serializer.objectStreamReset": 260.50772308990145, "spark.shuffle.compress": 0.12417331511991114, "spark.shuffle.file.buffer": 140.3126558265586, "spark.shuffle.io.backLog": 78.29111257499454, "spark.shuffle.io.maxRetries": 9.756765986557397, "spark.shuffle.io.numConnectionsPerPeer": 3.24412087702284, "spark.shuffle.io.preferDirectBufs": 0.01864728937294302, "spark.shuffle.maxChunksBeingTransferred": 7.384533004994694e+18, "spark.shuffle.memoryFraction": 0.23297427384102043, "spark.shuffle.service.index.cache.size": 171.06577934281688, "spark.shuffle.sort.bypassMergeThreshold": 449.07457965775455, "spark.shuffle.spill.compress": 0.8635418545594287, "spark.speculation.interval": 749.6504263098128, "spark.speculation.multiplier": 3.7812011699520944, "spark.speculation.quantile": 0.13645522566068502, "spark.stage.maxConsecutiveAttempts": 2.3595061370732697, "spark.storage.memoryFraction": 0.12134345574073735, "spark.storage.memoryMapThreshold": 70.04834534514278, "spark.storage.replication.proactive": 0.1074941291060929,